"","baseMean","log2FoldChange","lfcSE","stat","pvalue","padj"
"ENSG00000102804",193.680040043304,1.02197907937754,0.167770979778924,6.09151285117501,1.11848604817563e-09,7.82940233722939e-08
"ENSG00000180172",579.351139278747,-0.841969735038307,0.137026573512716,-6.14457264349656,8.01790897537454e-10,7.82940233722939e-08
"ENSG00000234031",403.415597265331,-0.787966893944475,0.127853248683648,-6.16305727118573,7.13536854641131e-10,7.82940233722939e-08
"ENSG00000102531",181.698424306045,1.25784153289327,0.215067357568844,5.84859342260078,4.95747182202525e-09,2.27856295142583e-07
"ENSG00000151846",1455.37491064645,-0.581745819392047,0.0997236862797298,-5.83357716801826,5.42514988434722e-09,2.27856295142583e-07
"ENSG00000136156",72.8548607510218,1.39112215534006,0.252519053334053,5.50897897395397,3.6092100926668e-08,1.26322353243338e-06
"ENSG00000213621",472.186605712616,-0.662517657459019,0.124309471456827,-5.32958309366726,9.84384746363452e-08,2.95315423909036e-06
"ENSG00000232105",163.86068878387,-0.913245983332069,0.174629949993484,-5.22960685361328,1.69870895884892e-07,4.45911101697841e-06
"ENSG00000214222",367.493017460751,-0.753189370856018,0.146140140719506,-5.15388425895696,2.55145455171401e-07,5.95339395399936e-06
"ENSG00000226525",513.534962902782,-0.612209031445186,0.122173570970866,-5.01097763272531,5.41542095084997e-07,1.13723839967849e-05
"ENSG00000125304",184.801807844487,0.799358714448271,0.164568704647389,4.85729480681643,1.19000352552854e-06,2.27182491237268e-05
"ENSG00000005810",92.033945313558,1.04876166001627,0.231451637964913,4.53123455611601,5.86399859836563e-06,0.000102619975471399
"ENSG00000228501",214.731645622688,-0.751370967195043,0.168073459832447,-4.47049146215047,7.80400594199786e-06,0.000126064711370735
"ENSG00000232187",2087.70605914226,1.14545250407805,0.263916625725936,4.34020593029082,1.42349250946746e-05,0.000213523876420119
"ENSG00000139675",582.382377892561,-0.505273340062474,0.117771786541615,-4.29027490284299,1.78452081913728e-05,0.000249832914679219
"ENSG00000279124",30.9945720712375,1.60954668110934,0.378530107157874,4.2520968627683,2.11778218842803e-05,0.000277958912231179
"ENSG00000122026",749.82194423503,-0.480432090017889,0.117798169183209,-4.07843426896289,4.53400170155888e-05,0.000560082563133744
"ENSG00000214269",11.5303389617635,2.3731977223945,0.645146747569411,3.67853938865152,0.000234573468323638,0.00264912239637951
"ENSG00000233588",43.9676060013193,-1.30146174881668,0.354328283523516,-3.67303940818573,0.000239682502529575,0.00264912239637951
"ENSG00000232373",165.676442289796,0.664931636465296,0.18430050616398,3.60786657782523,0.000308725170316663,0.00324161428832496
"ENSG00000229423",67.2926480579293,-0.930803484793919,0.259670128342882,-3.58456126907611,0.000337645298722855,0.00337645298722855
"ENSG00000198033",649.317822173194,-0.563311146199537,0.158919563580804,-3.54463058862553,0.000393163690829823,0.00375292613973922
"ENSG00000218502",176.792167154962,-0.791613264496506,0.225577393943906,-3.50927568873925,0.000449328892393466,0.00410256814794034
"ENSG00000224892",371.26113088501,-0.447340098770092,0.128897813170951,-3.47050184766755,0.00051948676900321,0.00454550922877809
"ENSG00000136158",146.468820361378,0.807166088430924,0.235474580436309,3.42782684625802,0.000608433399001754,0.00500165846773414
"ENSG00000223460",2063.45671994889,-0.31018534175669,0.0906169584637318,-3.4230385461551,0.000619252953148036,0.00500165846773414
"ENSG00000232587",2523.14242667202,-0.313577889945362,0.092686509126045,-3.38320962675296,0.00071643924379453,0.00557230522951301
"ENSG00000189403",758.762960334844,-0.35718712442544,0.108213719064227,-3.30075638758375,0.000964245675011673,0.00723184256258755
"ENSG00000136149",293.952934784191,-0.471830906450587,0.143432067664281,-3.28957752707687,0.00100337910771612,0.00726584871104777
"ENSG00000165556",39.1622114005855,1.09530191569009,0.339487474373728,3.22633969842526,0.0012538444566264,0.0087769111963848
"ENSG00000185896",71.6700775309028,0.841816352225237,0.263973551471615,3.18901779186676,0.00142757091011309,0.00967064164915321
"ENSG00000214263",164.146431548859,-0.578124162875398,0.184000319015887,-3.14197369856452,0.00167813109720852,0.0108943892399555
"ENSG00000226703",99.1466618183468,-0.666527320424169,0.212532282109392,-3.13612272831617,0.00171197545199301,0.0108943892399555
"ENSG00000233873",39.3499655772715,-1.03825319613108,0.337490879841167,-3.07638889862656,0.00209524369766962,0.0129412110738417
"ENSG00000201793",14.2962065539756,1.83608130581721,0.599786891393939,3.06122279790086,0.0022043499992432,0.0132260999954592
"ENSG00000121741",75.1362908833874,0.733507121657515,0.251446053653442,2.91715503584112,0.0035324014542909,0.0200487650108402
"ENSG00000180138",257.341093554568,0.42728060740433,0.146151662805957,2.92354256668035,0.00346072903912513,0.0200487650108402
"ENSG00000236534",364.956410116192,0.37197918709581,0.130044714268566,2.86039451267204,0.00423114289729117,0.0233826318008196
"ENSG00000005812",24.9503562670835,1.17018718793014,0.421306196751523,2.77752189963703,0.0054775148776107,0.0294943108794422
"ENSG00000152520",76.6739999918419,0.65918089962237,0.238294676258937,2.76624266211506,0.00567063208796455,0.0297708184618139
"ENSG00000237109",99.3133580599894,-0.611837440517181,0.222221604221173,-2.75327613920125,0.00590021062407213,0.0302205910013451
"ENSG00000150276",682.872194645331,-0.341111922608154,0.124357439392302,-2.74299570878162,0.00608814810892086,0.0304407405446043
"ENSG00000214878",142.913969076807,-0.520874960602729,0.19826161768031,-2.62721028254002,0.00860881155908714,0.0420430331955418
"ENSG00000225823",91.3513691502083,-0.612614762691729,0.236278326336084,-2.59276748820516,0.00952071125265119,0.0454397582512898
"ENSG00000150457",18.8823230636871,1.17554741757579,0.470308021248305,2.49952661758909,0.0124359356529325,0.0580343663803516
"ENSG00000234354",129.917967745847,-0.478139998682985,0.193581451865575,-2.46996803709795,0.0135125124992862,0.0616875570619588
"ENSG00000237263",61.1978146563763,0.667520196084317,0.271811948082424,2.4558162391077,0.0140565015063432,0.0628056450283419
"ENSG00000102678",11.1803927560686,1.53541669829974,0.632108697149558,2.42903903272266,0.0151389023996279,0.0648810102841195
"ENSG00000215571",68.5016348857605,-0.626588969376463,0.25720134779434,-2.43618073835868,0.0148432659224927,0.0648810102841195
"ENSG00000223676",87.1915993474609,-0.573256819392805,0.236752297261478,-2.42133582661577,0.0154635841850634,0.0649470535772662
"ENSG00000233780",116.189007978787,-0.47500876658993,0.198855491492712,-2.3887133466834,0.0169074884734737,0.0696190701848919
"ENSG00000172915",24.6872861834473,1.01214635868439,0.425210634076827,2.38034112406868,0.0172966178744113,0.0698517260312763
"ENSG00000234145",270.703073952841,-0.332397528287791,0.141185855888413,-2.35432597830837,0.0185563301012811,0.0735250815333778
"ENSG00000227969",94.4673581477691,-0.515475743647519,0.223957494468461,-2.30166775562008,0.0213539159176232,0.0830430063463123
"ENSG00000065150",209.825623948461,-0.376259828059624,0.165290609204861,-2.27635332623941,0.0228248708106506,0.0871495067315751
"ENSG00000233460",51.6215074721309,-0.635615107022987,0.286509072346925,-2.21848160624156,0.0265220123735388,0.0994575464007707
"ENSG00000068650",40.0255979154931,0.73992731577823,0.337941232760348,2.18951475596632,0.0285594472364954,0.105219016134457
"ENSG00000236565",731.249121813134,-0.236058084320416,0.108242904675091,-2.18081808714376,0.0291968742206616,0.10571282045412
"ENSG00000120690",28.4414071103551,0.829568015683291,0.386075228225191,2.14872116892053,0.0316565095899044,0.11267571209966
"ENSG00000088387",37.2466635167539,0.705062807842061,0.338954841913007,2.08010838217504,0.0375155929439486,0.13130457530382
"ENSG00000102471",25.8027168145073,0.827267485843113,0.400973982285526,2.06314504778525,0.039098849288175,0.134602595910111
"ENSG00000133083",18.0271116463904,0.934475150265596,0.484098502100288,1.93034092485584,0.0535646094063906,0.1812059690232
"ENSG00000271250",52.6071465103124,-0.559582160669881,0.290851810496393,-1.92394250431121,0.0543617907069601,0.1812059690232
"ENSG00000102763",11.4926450827021,1.28251730862835,0.676326124255241,1.8963001171079,0.0579203708104704,0.190051216721856
"ENSG00000102554",17.6023074501838,0.936093664639264,0.497154225082604,1.88290397106397,0.0597133829816712,0.192920160402322
"ENSG00000139734",44.9648261373588,-0.579855830876188,0.309919829286976,-1.87098654581169,0.0613469458880625,0.194620118368583
"ENSG00000226617",15.7256310253291,-0.956296417793409,0.512586195288049,-1.86563045705126,0.0620930853842622,0.194620118368583
"ENSG00000228002",69.2695857120707,0.45458046160222,0.245429966913741,1.85217994085452,0.0639999882166853,0.197647022433881
"ENSG00000214182",1420.5324514089,0.174051534973448,0.0946707931985147,1.83849241242206,0.0659898789024412,0.200838761876995
"ENSG00000228036",29.5891775668436,-0.702430020680489,0.386376991193942,-1.81799133149703,0.0690654576972706,0.204278114315871
"ENSG00000271429",53.2448660559362,-0.510808554069554,0.280231516617647,-1.82280908384231,0.0683323114454698,0.204278114315871
"ENSG00000102786",49.7193960616203,0.524868252388008,0.2903672155423,1.80760163094772,0.0706685242215555,0.204611472198618
"ENSG00000125266",112.488737700795,-0.399579966291252,0.221929085114543,-1.80048489852071,0.0717841060030949,0.204611472198618
"ENSG00000133112",642.295308387378,-0.206320946613564,0.116520239758945,-1.77068762508897,0.0766126614461132,0.204611472198618
"ENSG00000225239",46.1967070182599,-0.548379675247352,0.308481847354442,-1.77767243016174,0.0754576702589314,0.204611472198618
"ENSG00000232858",88.2193224755314,-0.400951458675647,0.223937460380759,-1.79046175657218,0.0733797099824333,0.204611472198618
"ENSG00000233440",22.1435757750185,-0.795159913214581,0.442602375022477,-1.79655591132831,0.0724061490023831,0.204611472198618
"ENSG00000234421",28.8488949214466,-0.690674533993121,0.388477315480924,-1.77790184000341,0.0754199779823274,0.204611472198618
"ENSG00000235472",172.342578224865,-0.309272517012456,0.174875794234505,-1.76852673273768,0.0769728871604323,0.204611472198618
"ENSG00000118903",159.873543546576,-0.300904559275913,0.178786364258096,-1.68303975823081,0.0923673950629303,0.232347950231981
"ENSG00000134882",11.733491090997,0.990586205469909,0.58635926656226,1.68938441320724,0.0911457860382006,0.232347950231981
"ENSG00000180776",9.97344741035523,1.08685683943119,0.640833448255203,1.69600516700615,0.0898849015390019,0.232347950231981
"ENSG00000230871",36.7407896070182,-0.610327801147085,0.360471457746281,-1.6931376618913,0.0904292669767937,0.232347950231981
"ENSG00000235137",335.354988498585,-0.222122292144307,0.13220831420009,-1.68009321870739,0.0929391800927924,0.232347950231981
"ENSG00000123200",26.742468505407,0.635943257047606,0.385154076940618,1.65113988173012,0.0987100153873092,0.242123716449188
"ENSG00000215357",59.8501246191275,-0.447116091153472,0.271150032670889,-1.64896196673582,0.0991554267363341,0.242123716449188
"ENSG00000139746",77.4456976185557,0.395879975322458,0.243908362839141,1.6230684783184,0.104574767089266,0.24835494442839
"ENSG00000230009",79.6409793980923,0.379349351522812,0.233854127029096,1.62216231264379,0.104768598835547,0.24835494442839
"ENSG00000230022",15.0760044391686,0.867530298680045,0.535547790223689,1.61989334008398,0.105255190733937,0.24835494442839
"ENSG00000180389",9.6786081050747,-1.0509325237109,0.661429481388238,-1.58888067932072,0.112087333933046,0.261537112510441
"ENSG00000279730",179.296048961349,0.265699097564278,0.16965939053995,1.56607362975121,0.117331380776978,0.27076472486995
"ENSG00000235315",92.8280908708495,-0.345221513881929,0.222863792723455,-1.54902467405418,0.121375788788147,0.277053430929465
"ENSG00000234363",25.8769127988066,-0.62548015058567,0.407331761201303,-1.53555457777464,0.124647661654801,0.281462461801163
"ENSG00000227590",54.3628410900132,-0.434515530294512,0.28992262395974,-1.49872929666521,0.133943873225425,0.299236312524885
"ENSG00000102753",92.2444602415931,0.327775254133088,0.221139520886734,1.48221020294682,0.138284372600662,0.305681244696199
"ENSG00000139517",10.0699398379631,0.950962709207657,0.669452675359691,1.42050774342893,0.155459915873841,0.340068565974028
"ENSG00000151287",19.8766192382927,-0.629122833995779,0.453252399413738,-1.38801876131163,0.165131332249349,0.357500822395497
"ENSG00000277914",20.1420912191216,0.618110250279995,0.448262966109915,1.37890099564556,0.167925281164333,0.359839888209286
"ENSG00000214178",144.454743388002,-0.256850019712062,0.187440663038554,-1.37030042226873,0.17059314130905,0.361864239140409
"ENSG00000242381",7.88932271536005,-1.27967871867879,0.954138395543137,-1.34118774032811,0.179859505757266,0.377704962090258
"ENSG00000236608",84.8209285450469,-0.301577807946054,0.225997425374915,-1.33443028143244,0.182062881452977,0.37854658519926
"ENSG00000132964",44.3595345596413,-0.398156290140433,0.307521819721568,-1.2947253320136,0.195414997978578,0.401597268213656
"ENSG00000134884",183.487830311662,0.253870382592362,0.196765019866426,1.29022111127629,0.196973898219079,0.401597268213656
"ENSG00000088448",12.8481747963103,0.708891738862996,0.556054469355306,1.27486024828627,0.202358711307832,0.40860893629466
"ENSG00000139842",30.7928106152445,0.439180308110214,0.362085030838224,1.21292036595248,0.225160268326273,0.450320536652546
"ENSG00000223717",28.2639802992554,0.458444395552097,0.380031773282803,1.20633175376876,0.227689598754569,0.451083167343957
"ENSG00000176268",19.4083164733864,-0.58021450279185,0.483563963081091,-1.19987126231437,0.230189342432062,0.451773475801242
"ENSG00000233524",45.5314250757617,-0.354715596727907,0.298788130455413,-1.18718101748971,0.235156226754932,0.457248218690146
"ENSG00000120694",37.3605227625297,0.403509084706374,0.345346941724329,1.16841655725005,0.242638779456984,0.467469208128134
"ENSG00000102572",32.5432859672946,0.406263837993977,0.350202365789902,1.16008307675942,0.246014983629972,0.469664968748128
"ENSG00000188811",11.7394762127391,0.672898922125674,0.58380990547577,1.1525993577949,0.249074866951055,0.471222721258753
"ENSG00000102580",11.3578787327088,0.680688357433063,0.594571800068459,1.14483794447481,0.252276293881507,0.473018051027826
"ENSG00000229696",27.8777823292512,-0.448114622889265,0.394116378944066,-1.13701091055864,0.255533724630605,0.474885682941832
"ENSG00000102547",9.8684537234587,-0.714566504888112,0.651083390481609,-1.09750381492537,0.272421214000341,0.480743318824131
"ENSG00000118922",16.8685494131602,0.575333463774334,0.52229781009511,1.10154293710243,0.27066042791691,0.480743318824131
"ENSG00000122042",10.5178678515897,0.668584922757238,0.609085987262414,1.09768560882881,0.272341795986382,0.480743318824131
"ENSG00000188342",10.3775894646176,-0.690711674580224,0.623598612841462,-1.10762221139806,0.268025006804438,0.480743318824131
"ENSG00000225777",16.5210589890228,-0.558177068036052,0.501557836480715,-1.11288674493179,0.265757073548187,0.480743318824131
"ENSG00000232163",35.73925744367,-0.37361681125446,0.339669948329264,-1.09994073097185,0.271357946508198,0.480743318824131
"ENSG00000225530",58.8109938185751,0.286301039457033,0.265706883462573,1.0775070473376,0.281253804082309,0.49216876330689
"ENSG00000226161",102.565974168014,-0.237662128722221,0.22163663845076,-1.07230523970892,0.283582954095875,0.49216876330689
"ENSG00000260615",58.6910862134327,-0.289674027345478,0.271954827605468,-1.06515493729612,0.286805821948118,0.493682152533645
"ENSG00000133121",8.84476192749203,0.710014404819003,0.677527869786357,1.04794863278892,0.294662273927724,0.503081931096115
"ENSG00000121390",38.3373457167285,0.332925147709497,0.326104784226127,1.02091463791172,0.307294883339418,0.515015640345938
"ENSG00000235438",32.7000658332043,-0.360436712322166,0.353448612678598,-1.01977118990681,0.307836989776702,0.515015640345938
"ENSG00000235879",19.3901443374702,0.467114745770462,0.459169802419802,1.01730284376017,0.309009384207563,0.515015640345938
"ENSG00000102699",11.0024559941708,0.605026541300209,0.602376978402681,1.00439851287902,0.315186566538719,0.517102960727586
"ENSG00000227105",24.4742497927639,-0.418597225851298,0.415589421605833,-1.00723744178532,0.313820684250432,0.517102960727586
"ENSG00000229303",134.367521836323,-0.209715521888066,0.210915195592607,-0.99431205655349,0.320070967820623,0.521045761568456
"ENSG00000127870",18.1756884661867,0.447433624800675,0.458697354164623,0.975444093449239,0.329340020670353,0.532010802621339
"ENSG00000102606",18.6631028545547,0.451984047245571,0.472073222690562,0.957444789326339,0.338342800725866,0.542381588949861
"ENSG00000225674",54.1914768725219,-0.258864393937195,0.277360261602583,-0.933314644432049,0.350657536170614,0.557864262089613
"ENSG00000231981",16.2854689832319,-0.478562962249667,0.517482980936792,-0.924789760975967,0.355075277647803,0.560645175233374
"ENSG00000139496",36.8451445670495,0.315656962304836,0.344706480174844,0.915726800797964,0.359810204454948,0.563881663698053
"ENSG00000277358",88.4011300474365,-0.21381480748734,0.236727910706046,-0.903209118221984,0.366414919434352,0.569978763564547
"ENSG00000136144",11.8321692878195,0.515241255298338,0.583155237299971,0.883540474889539,0.376944324106532,0.577797869068407
"ENSG00000136152",15.1640830839109,0.475920039278798,0.537319017803951,0.885730866597476,0.375762571189816,0.577797869068407
"ENSG00000236444",99.1138400778867,-0.191988194663251,0.220418005365731,-0.871018655416523,0.383743967066682,0.583958210753647
"ENSG00000218198",21.8060753149906,-0.372980138174257,0.44264395892373,-0.842618837679706,0.39944165219809,0.599162478297136
"ENSG00000232701",9.98990927942249,-0.539362417813423,0.639937027653631,-0.842836708153971,0.399319774955655,0.599162478297136
"ENSG00000139793",102.827829614363,0.18634861516953,0.223604389184653,0.833385318816989,0.404627451911794,0.602636630506927
"ENSG00000232378",25.6979704196773,-0.32143303823395,0.397099754137622,-0.809451617344874,0.418255421974294,0.618546750807054
"ENSG00000179611",33.4918540439658,0.283828959887098,0.353937749061467,0.801917740166807,0.422600543483164,0.620602196723527
"ENSG00000125247",19.3354817296171,0.36484561648047,0.463199571819918,0.787663976128014,0.430893282297671,0.6219955601234
"ENSG00000165487",15.4434583804906,0.392650787198354,0.500171915527881,0.785031656133573,0.432435008466745,0.6219955601234
"ENSG00000214281",21.5025125736892,0.338512399204554,0.4271448978445,0.792500158407108,0.428069099440069,0.6219955601234
"ENSG00000023516",11.6825982668754,0.414496495878619,0.579861251117617,0.714820131677577,0.474720193818357,0.677224820546869
"ENSG00000130177",10.1311828941446,-0.457668163182028,0.643985830337932,-0.710680486466396,0.47728225448065,0.677224820546869
"ENSG00000139505",13.5728570043661,0.366680741560459,0.531038933567443,0.690496907820206,0.489881753827421,0.690437371166164
"ENSG00000136100",25.4590770432369,-0.274808070523093,0.405999689250892,-0.676867686845131,0.498489907644617,0.693264109969335
"ENSG00000177197",32.1926488538152,0.240654931342727,0.352974232609765,0.681791782826215,0.495370620926716,0.693264109969335
"ENSG00000134900",67.1819059007069,0.173275230520637,0.259339337096992,0.668140947918874,0.504043625753268,0.693462876277285
"ENSG00000205105",9.80651133252878,0.423573207383085,0.635736135843697,0.666272032532732,0.505237238430593,0.693462876277285
"ENSG00000125257",10.4038158604321,-0.333335542021107,0.60793857174975,-0.548304643776279,0.583482739321044,0.795658280892333
"ENSG00000226633",40.6720817548636,-0.171879466186206,0.316678783200287,-0.542756494291246,0.587297471238597,0.795693348129712
"ENSG00000165475",13.8837980983905,0.284786136477241,0.534455440320263,0.532852909695499,0.594135404737236,0.797909174624976
"ENSG00000185989",11.4753443642508,-0.297387126341267,0.579668851676149,-0.51302933645883,0.607930799714267,0.797909174624976
"ENSG00000223625",16.7754036969827,-0.260913328300245,0.498076519319493,-0.523841855979726,0.600388538526728,0.797909174624976
"ENSG00000238213",79.1890375189224,-0.134817933377753,0.261142351328599,-0.516262232808455,0.605671270174204,0.797909174624976
"ENSG00000271625",52.4106025606928,0.14526048379643,0.279314527530903,0.520060610812157,0.603021330931222,0.797909174624976
"ENSG00000230584",26.0546062067832,-0.194022911412813,0.387505396657493,-0.500697314376515,0.616584162649571,0.801211024109671
"ENSG00000230793",167.738149260556,0.083933846364576,0.170192470283702,0.493170151562303,0.621892366332744,0.801211024109671
"ENSG00000231404",64.0176139306289,-0.127360035617851,0.257387025463105,-0.494819175087391,0.62072776769843,0.801211024109671
"ENSG00000215482",85.1758784452748,-0.10893715676661,0.229223907570389,-0.475243433031339,0.634613472830949,0.809404731851781
"ENSG00000232150",164.702470200448,0.0825356111229746,0.174363509170966,0.473353693759667,0.635960860740685,0.809404731851781
"ENSG00000198176",55.3587147159084,-0.12751169836618,0.27786215193226,-0.458902723812728,0.646304022686704,0.812966730885602
"ENSG00000230243",8.78216655235667,-0.30544826579399,0.666005994041023,-0.458626902050337,0.646502114561407,0.812966730885602
"ENSG00000244754",17.7095733263346,0.215606882366901,0.476905658761121,0.452095458307189,0.65120021539444,0.81400026924305
"ENSG00000235115",73.553005965798,0.109133041783052,0.250598679021965,0.435489293913982,0.663207308401337,0.824103756001662
"ENSG00000204718",21.5632557110165,0.196440231228081,0.457516110861476,0.429362434599725,0.667659487153413,0.824755837071863
"ENSG00000153487",14.7970012725772,-0.222153257452475,0.531075747106255,-0.418308044874863,0.675721908482027,0.829833922697226
"ENSG00000225131",92.442460236164,0.0863803616186095,0.221562377615806,0.389869266380572,0.696633221068952,0.850540560607441
"ENSG00000139687",11.4737978163873,0.227607015383977,0.603799787746062,0.376957759845555,0.706204995981703,0.851152524347157
"ENSG00000186184",92.0261825079571,0.0834694872381083,0.223895988800079,0.372804746013738,0.709293770289297,0.851152524347157
"ENSG00000237876",10.2734437613656,0.232273778363571,0.614285522876493,0.378120222133692,0.705341286511566,0.851152524347157
"ENSG00000102710",53.0034112415342,-0.104665348320786,0.285996798744513,-0.365966852706927,0.714389810040495,0.852396932434681
"ENSG00000139514",35.3312289859519,-0.130476155302052,0.37357680377072,-0.349261929501734,0.726892676808268,0.862415040280996
"ENSG00000083520",15.6734959300474,0.147558192417303,0.498488804596066,0.296011045898759,0.767221645818359,0.905149132707052
"ENSG00000120697",8.26634902316966,0.19950725359839,0.698020637753316,0.285818560093773,0.775017091972419,0.909237929129654
"ENSG00000136143",23.1269738376114,0.111068177927404,0.41807220535962,0.265667452902938,0.79049533165267,0.917149279818015
"ENSG00000152484",21.6691203499931,0.115796310727447,0.432167571578713,0.267943081209081,0.788743131699581,0.917149279818015
"ENSG00000102543",10.2026255635561,0.132268143110625,0.622567223189449,0.212456001832232,0.831751299666503,0.919795935064813
"ENSG00000125249",64.9050311069806,-0.061685400977033,0.267942588983067,-0.230218724134711,0.817921812835084,0.919795935064813
"ENSG00000150459",73.2226157486243,0.0531496367660332,0.246993216178009,0.215186625723874,0.829621817813576,0.919795935064813
"ENSG00000165416",17.8044903787112,0.124082635323783,0.48735006912335,0.254606787164274,0.799026816517297,0.919795935064813
"ENSG00000215349",8.29578239973054,0.184518770370189,0.737341713908018,0.250248652544304,0.802395062590659,0.919795935064813
"ENSG00000215572",18.3974103090723,0.100129777265748,0.470174055645123,0.212963212375385,0.831355656726233,0.919795935064813
"ENSG00000233662",106.407567655286,-0.043905691846186,0.206476013922393,-0.212643062078333,0.831605380804018,0.919795935064813
"ENSG00000234152",14.5139175792639,0.111679175245295,0.527073101369377,0.211885552412263,0.832196322201498,0.919795935064813
"ENSG00000234227",10.3795488383136,-0.145042125308714,0.603338250099134,-0.24039935357137,0.810020679289426,0.919795935064813
"ENSG00000226057",10.7397842033461,0.12017838028865,0.60498738516502,0.198646092853438,0.842539595168442,0.926352434478391
"ENSG00000152767",14.5201918761808,-0.099356885955336,0.536890044700018,-0.185060026603493,0.853181954152948,0.933167762354787
"ENSG00000224117",13.2378177994062,0.0909466403341551,0.54183638579774,0.167848898150787,0.866702152999785,0.943043793419455
"ENSG00000132953",31.6000227748299,0.0560092481979738,0.365809952600125,0.153110236066209,0.878311343844054,0.950749392820884
"ENSG00000214455",45.3436251757401,-0.0439262464943968,0.31339536913989,-0.140162398107387,0.888531680537303,0.956550015746389
"ENSG00000279081",24.1162720019814,-0.0563141479804301,0.417799976223181,-0.134787341276315,0.89278001469663,0.956550015746389
"ENSG00000136153",35.9849150586018,-0.0323418723509773,0.340648332388809,-0.0949421126596414,0.924360806512039,0.975456127475016
"ENSG00000183722",25.9142845547662,-0.0373434891680748,0.387948951053653,-0.0962587708167569,0.923315055100813,0.975456127475016
"ENSG00000232314",23.7369601315292,0.0407605029787515,0.420217995364775,0.0969984708612225,0.922727608800397,0.975456127475016
"ENSG00000234239",20.7715555046157,-0.0394221049481272,0.443577134980141,-0.0888731673464009,0.929182708504546,0.975641843929773
"ENSG00000133119",13.8338739822033,-0.0270942997476017,0.548073598017621,-0.0494355134887022,0.960572227077564,0.983710119110425
"ENSG00000165474",42.8586673628607,-0.0248187436288519,0.387964074730222,-0.0639717572976572,0.948992715142608,0.983710119110425
"ENSG00000172766",12.274774155646,-0.0400761823894914,0.576729587238733,-0.0694886880719407,0.944600636499634,0.983710119110425
"ENSG00000215049",23.1930949717782,-0.0212492579415876,0.423306675064566,-0.0501982585990324,0.959964399242956,0.983710119110425
"ENSG00000230535",18.2309936351211,0.0215415891958152,0.466654279630883,0.0461617735786208,0.963181310241467,0.983710119110425
"ENSG00000235768",35.3892248213078,0.0151385467405926,0.344729978616164,0.0439142159941027,0.964972783508322,0.983710119110425
"ENSG00000083642",57.2068427291449,-0.0100512840431974,0.268473787015457,-0.0374386049190667,0.97013529196038,0.984195223727922
"ENSG00000120688",10.0720263652295,-0.0146649226390828,0.650142659675677,-0.0225564688316229,0.982004067823867,0.98670265188044
"ENSG00000231222",20.2896720029518,0.0111993122929337,0.438645025884734,0.0255316067253813,0.979630938178127,0.98670265188044
"ENSG00000126216",8.12685993899317,0.0104975207144166,0.693603104013798,0.0151347660552104,0.987924664833291,0.987924664833291
"ENSG00000027001",2.13205720126245,1.16188791669094,1.36388589915652,0.851895248282502,0.394272234399286,NA
"ENSG00000032742",2.71421720537477,0.611166041880951,1.17842654160864,0.51862888377129,0.604019563033958,NA
"ENSG00000075673",3.05280689792681,1.44933392275953,1.15008715894529,1.26019485696082,0.207599077718146,NA
"ENSG00000083535",7.2049930236154,0.762273689492437,0.745649148054261,1.02229539386125,0.306641112648631,NA
"ENSG00000083544",7.2360222836584,0.446383678110157,0.735453393494261,0.606950327592227,0.543883877220658,NA
"ENSG00000083635",0.38115276754983,-1.85457175719528,3.22387400095247,-0.575261860931091,0.565114211184406,NA
"ENSG00000088451",4.40673721148457,1.16390054825306,0.931410411843916,1.24961084120681,0.211441740907536,NA
"ENSG00000102452",1.31763627091581,1.77070775977777,1.98487287491232,0.892101344201196,0.372338614479672,NA
"ENSG00000102738",0.769633985899679,-1.47181404153561,2.3828434092991,-0.617671323172904,0.536792018954401,NA
"ENSG00000102743",2.77513543671217,-0.976462835543612,1.19955031036058,-0.814024078114817,0.415631157372259,NA
"ENSG00000102755",0.42240436245091,-1.97873890730472,3.10771521577434,-0.636718222204181,0.524308401963279,NA
"ENSG00000102780",6.57086539140359,0.279909373955471,0.775825049072467,0.360789296878355,0.718256964529405,NA
"ENSG00000102781",3.41224660221252,-0.120089670667532,1.05834933927037,-0.113468838890496,0.909658866463227,NA
"ENSG00000102802",2.31283794646435,0.233413726648006,1.27757455427632,0.182700669692207,0.855032890267035,NA
"ENSG00000118939",2.24086165339774,-0.52575930275208,1.29509317327994,-0.405962531190361,0.684770131260763,NA
"ENSG00000120662",3.4960850824057,0.0885834689488059,1.08029282409986,0.081999497703428,0.934647112886723,NA
"ENSG00000120675",2.12377067729357,-0.667137886691949,1.43734160429971,-0.464147064759172,0.642542383893369,NA
"ENSG00000120685",1.47464955751916,-0.646367867232657,1.7583513091419,-0.367598820481496,0.713172394457679,NA
"ENSG00000120686",1.22093469136593,-0.227742196059595,1.7742506612262,-0.128359651224366,0.897864360614563,NA
"ENSG00000120693",0.630046717681844,0.369651510988584,2.44916205309356,0.150929788627777,0.880031101725793,NA
"ENSG00000120696",0.866805946267207,-0.634484156717401,2.14738329531186,-0.295468516544112,0.767635999462031,NA
"ENSG00000120699",6.24118012550143,-0.563183711239999,0.85455356017682,-0.659038517285526,0.5098710350617,NA
"ENSG00000121388",2.3833080052793,0.907912099496304,1.26817465223387,0.715920396214379,0.474040503531893,NA
"ENSG00000121742",1.29713966610999,2.98856233761866,1.92046948738748,1.55616236407076,0.119669488383303,NA
"ENSG00000121743",1.91359451832805,0.94816846242049,1.40537977818636,0.674670631481621,0.499885047343067,NA
"ENSG00000122034",7.68197979488276,-0.750104513701785,0.744945012767306,-1.00692601580795,0.31397032890593,NA
"ENSG00000122035",0.4215046524832,-0.341198578398394,3.18077401820648,-0.107269040945821,0.914575544544871,NA
"ENSG00000123178",5.51456235404391,-0.118322647497482,0.900707761192661,-0.131366301696797,0.895485544959277,NA
"ENSG00000123191",0.83914621682991,1.15825965187685,2.10819817641118,0.549407387235566,0.582725905613159,NA
"ENSG00000125285",2.88698761620242,1.68670562754486,1.21987713587014,1.38268484419271,0.166761521015708,NA
"ENSG00000126226",2.79399233005904,0.97566608108631,1.15610129474992,0.84392785088729,0.39870972392921,NA
"ENSG00000132950",4.03954509965672,0.416407544088176,0.967354139895837,0.43046029051265,0.66686084649679,NA
"ENSG00000132952",1.31929929989745,0.0842155119573969,1.93082054395201,0.0436164366601489,0.965210149605683,NA
"ENSG00000132963",1.26302787831771,-1.41176033095051,1.88720900315413,-0.748067823219899,0.454419249123258,NA
"ENSG00000132970",1.11022898345164,-2.04338020238364,2.01580895127339,-1.01367751199479,0.310736657993662,NA
"ENSG00000133103",4.52679181324502,0.3673800538683,0.934528551521796,0.393118062867158,0.6942322836647,NA
"ENSG00000133104",4.33685376932129,0.540627647280948,0.930358196665304,0.581096237146862,0.56117559455285,NA
"ENSG00000133110",0.369490847795674,2.3043936409111,3.58344559429138,0.643066451066572,0.520180982397646,NA
"ENSG00000133111",1.80999381712821,-0.452988717431143,1.43895514931435,-0.314803917027565,0.75291053748445,NA
"ENSG00000133114",4.72336072121304,0.549510528449278,1.01923620046818,0.539139532325151,0.589790579732002,NA
"ENSG00000134871",0.362856221898862,0.49813200986222,3.3701347330717,0.147807743403837,0.882494498114905,NA
"ENSG00000134901",5.1722759929141,-0.819640347179304,0.879428734310816,-0.932014517153153,0.351329023048016,NA
"ENSG00000136104",7.32017761902012,0.440487616963138,0.74287737868975,0.592947947533479,0.553215988270164,NA
"ENSG00000136108",6.20597226303107,-1.08518726325556,0.84229506202724,-1.28836949446638,0.197617372488363,NA
"ENSG00000136111",0.404107816799943,0.498133148491097,3.24551458572799,0.153483564881087,0.878016950068333,NA
"ENSG00000136122",1.65573777834501,-0.107194704882511,1.57352217223159,-0.068124051109166,0.945686884811831,NA
"ENSG00000136141",5.60552691433763,0.839410647447863,0.854516744059306,0.982322058969046,0.32594121048319,NA
"ENSG00000136146",4.05128529244765,-0.202968064984062,1.00221010445214,-0.202520473583746,0.839509854406289,NA
"ENSG00000136155",0.314705505347825,0.498130321649227,3.54685552445131,0.140442800169112,0.888310143288297,NA
"ENSG00000136160",4.25943865755247,2.79384920585771,1.11172713620482,2.51307098196348,0.0119685250966858,NA
"ENSG00000136169",1.35089477281592,-0.48864040955819,1.69272909342842,-0.288670178503584,0.772833785695086,NA
"ENSG00000139515",3.84880026407664,-7.16793969216388e-05,0.990960694249188,-7.23332391865931e-05,0.99994228642527,NA
"ENSG00000139597",0.4215046524832,-0.341198578398394,3.18077401820648,-0.107269040945821,0.914575544544871,NA
"ENSG00000139618",2.50168152626543,-1.21601971808938,1.27162213591812,-0.956274418116671,0.33893361088296,NA
"ENSG00000139668",6.67058284934718,1.0374575849035,0.766486798580485,1.35352309632057,0.175888576587879,NA
"ENSG00000139679",0.282817094233074,0.498128902118058,3.68890423689848,0.135034381520532,0.89258469075292,NA
"ENSG00000139684",6.03730608425606,-0.274541516919368,0.848617310158454,-0.323516281877523,0.746304278794643,NA
"ENSG00000139797",2.98374990976801,0.987531387488481,1.22405343003658,0.806771471943809,0.419798157963377,NA
"ENSG00000139826",2.83452116484215,0.198734647265569,1.14807280622913,0.173102826046648,0.862570603623146,NA
"ENSG00000139832",3.15012638015769,-0.0674772585370672,1.09166448708409,-0.0618113526045932,0.950713062705492,NA
"ENSG00000139835",0.251192686099841,-1.25592824057768,3.8164694114381,-0.32908117560529,0.742094332242242,NA
"ENSG00000150401",1.76644348625931,0.777475769090426,1.52199362655973,0.510827217356889,0.609472049047399,NA
"ENSG00000150403",5.7133735385882,0.243988798991549,0.806322476369256,0.302594565006041,0.762198856906226,NA
"ENSG00000150907",6.89054565606951,1.53643400074822,0.801182884949267,1.91770696754901,0.0551481777674182,NA
"ENSG00000151773",1.41467159504542,-0.439408198966839,1.69775232325516,-0.258817610170809,0.795775969777097,NA
"ENSG00000151835",3.34875710048721,0.865292971365211,1.07901740142756,0.801926799531137,0.422595302715757,NA
"ENSG00000151849",4.33550091990921,-0.473432064678537,0.951891516447253,-0.497359264683362,0.618935726074269,NA
"ENSG00000152192",0.63877419448198,0.338570353470561,2.43856594494402,0.138839941635588,0.889576630768193,NA
"ENSG00000152193",4.38014009720868,0.221869234837531,0.938908921535678,0.236305385696668,0.813195708088585,NA
"ENSG00000152749",4.8854188606948,0.0249506684694151,0.917372187786886,0.0271979778781034,0.978301828530378,NA
"ENSG00000165480",2.2098729522507,-1.00160851265829,1.37565302307376,-0.728096762670791,0.46655435543122,NA
"ENSG00000165572",0.824712759315432,1.09320391470365,2.32827975168256,0.469532887494997,0.638688783022582,NA
"ENSG00000169062",2.66876611149849,-0.395239393060392,1.20081189381255,-0.329143469594988,0.742047249047663,NA
"ENSG00000170919",1.44003258851489,-0.0154005518862316,1.72060198272865,-0.00895067658925301,0.99285848869739,NA
"ENSG00000172458",0.613207315948009,1.6348150291173,2.8010498415474,0.583643677048663,0.559460068139655,NA
"ENSG00000173141",1.13976054068155,-0.103566877974281,1.93242676904536,-0.0535942058106781,0.957258472972394,NA
"ENSG00000174032",1.9602679358422,1.97973391481029,1.49874995994719,1.32092341465687,0.186526901629303,NA
"ENSG00000174405",1.68006267089298,0.711573475382736,1.62041141578487,0.439131364078964,0.660566354217673,NA
"ENSG00000174408",0.369490847795674,2.3043936409111,3.58344559429138,0.643066451066572,0.520180982397646,NA
"ENSG00000174418",3.47023039059591,-0.739700054957644,1.05326388961867,-0.702293188106398,0.482496340510065,NA
"ENSG00000175198",5.89690250402774,-0.39690852434051,0.846641130785649,-0.468803735027845,0.639209929961096,NA
"ENSG00000179630",0.5975225995809,0.476863276892929,2.49056444036738,0.191467953675026,0.848158985314568,NA
"ENSG00000179813",0.292444281000921,-1.43891738903432,3.59985162341329,-0.399715749303573,0.689365890766956,NA
"ENSG00000180660",4.17581768610499,0.595615226367983,0.985756787913584,0.60422127818023,0.545696536018186,NA
"ENSG00000181358",1.67586317191779,-0.962194999488897,1.55774969971738,-0.617682673707764,0.536784535375972,NA
"ENSG00000185352",1.34373164818445,-0.0105159163572059,1.7795773520579,-0.00590922127944893,0.99528515101433,NA
"ENSG00000185950",5.20773160253596,1.10370843285073,0.876729905441,1.25889219245414,0.208069274273364,NA
"ENSG00000187498",0.404049698882927,-0.262239909628634,3.23022025713209,-0.0811832905355688,0.935296187870156,NA
"ENSG00000188243",2.23546314830735,0.58319667098581,1.33637964383456,0.436400444796067,0.662546216303767,NA
"ENSG00000196199",2.01682938070279,-0.887747264717047,1.49005184545313,-0.595782802743404,0.551320333707104,NA
"ENSG00000198824",5.22702895594246,1.40423401942635,0.941619484376094,1.49129668908326,0.135883617827746,NA
"ENSG00000201662",0.242465209299705,-1.21006963435585,4.05259304233738,-0.298591450390966,0.765251789618803,NA
"ENSG00000202290",0.533168188282221,1.42841396404912,2.75112583745503,0.519210697163345,0.603613820207435,NA
"ENSG00000204442",4.04734393127439,0.23175610353381,0.986506519937078,0.234926073827258,0.814266111840864,NA
"ENSG00000204899",4.51859234240792,-0.0152458974992421,0.950001093351728,-0.0160482946871699,0.987195863057055,NA
"ENSG00000204977",0.655242384982768,-1.27968828658375,2.51480321899886,-0.508862195227027,0.610848820489257,NA
"ENSG00000206787",0.362856221898862,0.49813200986222,3.3701347330717,0.147807743403837,0.882494498114905,NA
"ENSG00000206812",1.14758830751397,0.712421247457708,1.90133285398476,0.374695701473119,0.707886789478439,NA
"ENSG00000207330",0.511112848999818,-2.27623730735993,2.88775468362922,-0.788237768347845,0.430557641109151,NA
"ENSG00000213232",2.23848464439314,0.539254853637797,1.38355431055655,0.389760524414018,0.696713636703519,NA
"ENSG00000213411",0.403208106832232,2.39724318547364,3.1991177628546,0.74934508923315,0.453649237904848,NA
"ENSG00000214051",5.37059863700114,0.153431187331243,0.849213823216044,0.180674387458964,0.856623163752184,NA
"ENSG00000214249",1.32866248368378,-0.00185449457096671,1.92397364571248,-0.00096388772013556,0.999230928988844,NA
"ENSG00000214335",2.39488237913006,-1.08041427651512,1.2872254967105,-0.839335671392556,0.401280971268607,NA
"ENSG00000214823",5.93585294198615,-1.15645511532193,0.863029524813638,-1.3399948461458,0.1802470205048,NA
"ENSG00000215399",2.63211440950791,0.423137615558147,1.23243513354444,0.343334593473668,0.731346758864576,NA
"ENSG00000215418",0.534067898249931,-0.464235450240406,2.7481501363764,-0.168926524099054,0.865854435795889,NA
"ENSG00000215475",2.06518598231833,-1.50277060895618,1.4660846818275,-1.02502306148029,0.305352306341039,NA
"ENSG00000215604",2.38232074940819,0.285970927123545,1.24428660814145,0.229827216054902,0.818226035386691,NA
"ENSG00000217686",5.05357424056573,0.709797644534427,0.868351236175368,0.817408457504723,0.41369504405033,NA
"ENSG00000223336",3.53760629798038,-0.881984281911618,1.09654045967075,-0.804333551154555,0.42120436590235,NA
"ENSG00000223724",0.826454061333837,-1.68609348732789,2.18354907062044,-0.772180259200124,0.440007671816354,NA
"ENSG00000224188",2.98857082578923,0.31822546638213,1.12980585474592,0.281663849629896,0.778201276409277,NA
"ENSG00000224351",0.533168188282221,1.42841396404912,2.75112583745503,0.519210697163345,0.603613820207435,NA
"ENSG00000224419",1.85796758382951,1.27861965863021,1.44788923279837,0.8830921797512,0.377186469073752,NA
"ENSG00000224640",0.726377085998677,3.2779700733539,2.55955397671537,1.28068019005423,0.200306020688159,NA
"ENSG00000224778",0.251192686099841,-1.25592824057768,3.8164694114381,-0.32908117560529,0.742094332242242,NA
"ENSG00000225944",5.18008911447194,-0.0403678652155004,0.861452437078311,-0.0468602368256237,0.962624619674468,NA
"ENSG00000226361",3.80844837914327,-0.22961093180341,0.993969677510261,-0.2310039601797,0.817311725454175,NA
"ENSG00000226507",0.346329913481059,2.23641755891704,3.38156524587627,0.661355732125617,0.508384207994995,NA
"ENSG00000226554",3.11596816828987,1.17579527610401,1.14537988644239,1.02655484876384,0.304630124002081,NA
"ENSG00000226670",1.2759840367953,-0.168251016058745,1.73493867208814,-0.0969780769577528,0.922743804427783,NA
"ENSG00000226908",7.0038552612787,-0.0829837396554565,0.758418563737488,-0.109416809692147,0.912871901588974,NA
"ENSG00000227254",3.21144525071453,-0.641683860772537,1.12427651169865,-0.570752705491489,0.568167286177096,NA
"ENSG00000227568",0.710085845347632,0.557023534754276,2.36050368186765,0.235976558322313,0.81345086030108,NA
"ENSG00000227784",0.655300502899784,-0.98779586872467,2.40149576779515,-0.411325259020373,0.680834050482929,NA
"ENSG00000227882",4.16521227104853,0.387514346944506,1.0548617987047,0.367360300107888,0.713350280433953,NA
"ENSG00000227922",1.4788201212796,0.143965092011156,1.5646601883441,0.0920104525465788,0.926689734891345,NA
"ENSG00000228797",4.01597449854017,-0.0632379227381535,0.999388860931822,-0.0632765935365649,0.949546254056456,NA
"ENSG00000228825",2.55231962247552,0.430504540414481,1.26442922471714,0.340473418360594,0.73350003742107,NA
"ENSG00000229147",0.745573341617354,-0.270565316934664,2.40617902364366,-0.11244604589934,0.91046974745698,NA
"ENSG00000229473",3.13389350270779,0.506431113694003,1.10046997293126,0.460195303961862,0.645376041407088,NA
"ENSG00000229865",1.13222620481702,0.0167369849578796,1.91318122810717,0.00874824857780908,0.993019996557914,NA
"ENSG00000230223",4.49276146089243,0.341751597191957,0.958922282068761,0.356391340135165,0.721547513770168,NA
"ENSG00000230283",0.468462228098622,-0.43179797675109,2.86356289066817,-0.150790463921097,0.880141008938159,NA
"ENSG00000230371",0.291544571033211,0.498129320190965,3.64764355145395,0.136561951069043,0.891377053311846,NA
"ENSG00000230405",0.766964038698805,0.686283682885024,2.4292808033659,0.28250488042969,0.777556404886246,NA
"ENSG00000231184",0.490723452445526,1.34744886652959,3.01886673017722,0.446342613623916,0.65534977884271,NA
"ENSG00000231650",1.48268320941609,-0.855238820298754,1.74982681372356,-0.488756266386637,0.625014263516714,NA
"ENSG00000231665",0.696493979883848,-1.37000474895341,2.32315199363576,-0.589718086765963,0.555379667297861,NA
"ENSG00000232041",3.75878289352971,-0.10953943755625,1.07429521189492,-0.101964000531135,0.918785249526442,NA
"ENSG00000232380",3.42499712090974,1.74116389803978,1.14885309547741,1.51556705108257,0.129628863795724,NA
"ENSG00000232447",2.10368935698177,-0.555085430714291,1.43065434657079,-0.387994089589009,0.698020407494854,NA
"ENSG00000232489",0.314705505347825,0.498130321649227,3.54685552445131,0.140442800169112,0.888310143288297,NA
"ENSG00000232647",0.251192686099841,-1.25592824057768,3.8164694114381,-0.32908117560529,0.742094332242242,NA
"ENSG00000232786",5.48231161846908,-0.933116345673273,0.900465245850048,-1.03626025543318,0.300080742694744,NA
"ENSG00000232872",0.797952739845846,2.12753075178869,2.39513370526954,0.888272227603788,0.374394334963324,NA
"ENSG00000233273",4.2715996480549,0.904273599072046,0.960258155060819,0.941698432141691,0.346347057991268,NA
"ENSG00000233545",0.912921929831934,0.942785977798408,2.1414601830842,0.440253797500253,0.659753299730509,NA
"ENSG00000234033",1.05760889976431,1.59957545728149,2.03071138892392,0.787692168373129,0.430876787628985,NA
"ENSG00000234213",3.26478247682775,-0.308099764911366,1.11145280202322,-0.277204541974719,0.781623052251144,NA
"ENSG00000234627",3.96608834515031,-0.878845222146573,1.05954343842268,-0.829456528422177,0.406846125786367,NA
"ENSG00000234660",0.347229623448769,0.498131511139854,3.42329021324312,0.145512498243011,0.884306248603607,NA
"ENSG00000234685",1.05155137016504,-0.0241023571865681,1.8695852738695,-0.0128918201931935,0.98971410062574,NA
"ENSG00000234701",0.736845864817218,-0.23971237331527,2.28847945951023,-0.104747443687597,0.916576214385983,NA
"ENSG00000234765",1.12949764692751,0.837492912609944,1.84851431580757,0.453062713903876,0.65050358326401,NA
"ENSG00000234835",1.52691271991362,-0.0653432095719537,1.5531609989775,-0.0420711115041978,0.966442009453413,NA
"ENSG00000235500",2.09161777042567,-0.372926990834084,1.40681109680329,-0.265086756623891,0.790942629185658,NA
"ENSG00000235876",1.82445620985745,0.48462581067661,1.55252375163261,0.312153556534633,0.754923826256692,NA
"ENSG00000235957",5.77439311299755,0.665225089462138,0.828335124520026,0.803086902595853,0.421924507341921,NA
"ENSG00000236258",3.47178912507249,0.166528996180553,1.0717898685695,0.155374669106376,0.876525952760066,NA
"ENSG00000236277",2.14884751266177,0.364689378439301,1.32650944179643,0.274924072870087,0.783374572046809,NA
"ENSG00000236581",0.403208106832232,2.39724318547364,3.1991177628546,0.74934508923315,0.453649237904848,NA
"ENSG00000236860",3.37335186119628,-0.608951992851901,1.05760434248627,-0.575784315919452,0.564760976006825,NA
"ENSG00000236972",0.939858899151263,-3.14215451293361,2.16978375137164,-1.4481417841512,0.147577401825733,NA
"ENSG00000237082",2.89412742331122,-0.171409929660304,1.13222056675459,-0.151392700939567,0.879665946907838,NA
"ENSG00000237099",2.77616567245409,0.701721402000652,1.17910624230757,0.595129918596097,0.551756631139268,NA
"ENSG00000237672",1.55237239019606,-1.50909385131054,1.77405763889289,-0.850645333176603,0.394966398916003,NA
"ENSG00000237924",0.251192686099841,-1.25592824057768,3.8164694114381,-0.32908117560529,0.742094332242242,NA
"ENSG00000237952",0.347229623448769,0.498131511139854,3.42329021324312,0.145512498243011,0.884306248603607,NA
"ENSG00000238132",0.346329913481059,2.23641755891704,3.38156524587627,0.661355732125617,0.508384207994995,NA
"ENSG00000238286",3.65302862741084,0.44180237159543,1.01609584664506,0.43480383573476,0.663704820489684,NA
"ENSG00000239827",2.7884922344092,0.454897567801261,1.19455391196825,0.380809575226064,0.703344553674567,NA
"ENSG00000240654",0.323168979166444,2.16620011218764,3.77421569565535,0.573947089108139,0.566003606542253,NA
"ENSG00000240767",0.324968399101865,-1.57387258467008,3.7676099970367,-0.417737660189871,0.676138934287159,NA
"ENSG00000242756",6.1688791154376,-0.103279017453118,0.811168491888525,-0.127321288346233,0.89868611176006,NA
"ENSG00000243035",2.16148692264878,-1.48212707194987,1.52170831273504,-0.973988943574851,0.330062029001617,NA
"ENSG00000243366",1.27818409595015,0.254027265241044,1.83854221470056,0.138167763138589,0.890107831988867,NA
"ENSG00000244264",3.37601043220346,-0.564005479915427,1.21569720850374,-0.463935818861998,0.642693729235638,NA
"ENSG00000251106",2.0043664277939,-0.630450283404217,1.43325034583963,-0.439874502897738,0.660028003587255,NA
"ENSG00000253710",5.34236131849467,0.546210861056008,0.879390311687077,0.621124492499949,0.534517715317504,NA
"ENSG00000260738",0.435938109997678,-0.307412166169841,2.93297163923875,-0.104812525991431,0.91652457049526,NA
"ENSG00000265802",1.62930599023767,-1.61504152653039,1.74002127015911,-0.928173439157275,0.353317609808046,NA
"ENSG00000269099",1.46385254733838,4.25385811576772,2.03426932844506,2.09109878239144,0.0365192098481828,NA
"ENSG00000270400",2.89496901536191,-0.646111738804854,1.14609640497855,-0.563749904456727,0.572924349157477,NA
"ENSG00000270496",0.85807846946707,-0.616792739597526,2.15282459798381,-0.286503944712993,0.774492172604019,NA
"ENSG00000274168",2.57655145810597,-1.57545879786043,1.58044568428094,-0.996844632833569,0.318839929960961,NA
"ENSG00000274357",1.32213482075437,-2.41819458538732,2.21625113139736,-1.09111939126801,0.275220351295378,NA
"ENSG00000275014",4.30389993597662,-1.23398732143347,1.12733000410651,-1.09461055497365,0.273687289449726,NA
"ENSG00000276644",4.74246782037288,0.57859810883283,0.884439049875518,0.654197831850895,0.512984358258746,NA
"ENSG00000277233",1.64710321985623,-2.80879689469304,3.931912815249,-0.714358895192126,0.475005282544538,NA
"ENSG00000277319",1.1893102832327,-1.02393280769378,1.83506433417431,-0.557981967512053,0.576856697799179,NA
"ENSG00000278156",0.404107816799943,0.498133148491097,3.24551458572799,0.153483564881087,0.878016950068333,NA
"ENSG00000278390",2.13892689492602,0.322187991919165,1.33607969669889,0.241144291553272,0.809443285760762,NA
"ENSG00000279231",3.51394018245378,0.697206637455633,1.10610460180274,0.630326134001537,0.52848122778081,NA
"ENSG00000280060",0.835181538133973,-1.70112193619121,2.19730863180487,-0.774184341502318,0.438821786738902,NA
"ENSG00000281106",0.490723452445526,1.34744886652959,3.01886673017722,0.446342613623916,0.65534977884271,NA
"ENSG00000284196",0.305978028547689,0.498129961343002,3.58344371058903,0.139008730588131,0.889443250021743,NA
